{
    "Epoch": 0,
    "Avg Valid Loss": 0.05574294125897293,
    "Avg Valid PredAcc": 98.36515016354446,
    "Avg Valid PredAcc w/o [O] tag": 93.91658210284342,
    "Valid Precision per Classes": {
        "[PAD]": NaN,
        "O": 0.5127991963558225,
        "PER_I": 0.8928242870285189,
        "PER_B": 0.4416420713710759,
        "LOC_I": 0.73081039011577,
        "LOC_B": 0.6910733076113644,
        "DAT_I": 0.8215712383488681,
        "DAT_B": 0.3177957103418985,
        "TIM_I": 0.8974100235452405,
        "TIM_B": 0.6773633998265395,
        "ORG_I": 0.7800304105423214,
        "ORG_B": 0.19658491051886184,
        "NUM_I": 0.8328173374613003,
        "NUM_B": 0.43406064495427565
    },
    "Valid Recall per Classes": {
        "[PAD]": 0.0,
        "O": 0.7920137542077673,
        "PER_I": 0.004127830174133753,
        "PER_B": 0.0023391405647972844,
        "LOC_I": 0.005336879886101094,
        "LOC_B": 0.0027958924044390867,
        "DAT_I": 0.01073652039860748,
        "DAT_B": 0.0032025560527560388,
        "TIM_I": 0.0009451574849175113,
        "TIM_B": 0.0002766722107384952,
        "ORG_I": 0.015350122574426294,
        "ORG_B": 0.004406428949174016,
        "NUM_I": 0.011176642298440106,
        "NUM_B": 0.0038530061423084428
    }
}